名前,説明,値段,色,削除判断
トマト真っ赤で美味しい野菜です110赤false
ピーマン苦いけどピーマンの肉詰めは最高です84緑false
きゅうり塩漬けして食べると味が染みわたります68緑false
ブロッコリー野菜の王様です268緑false
パプリカこれだけあればあとはいらない158黄false
トマト真っ赤で美味しい野菜です110赤false
ピーマン苦いけどピーマンの肉詰めは最高です84緑false
きゅうり塩漬けして食べると味が染みわたります68緑false
ブロッコリー野菜の王様です268緑false
パプリカこれだけあればあとはいらない158黄false
トマト真っ赤で美味しい野菜です110赤false
ピーマン苦いけどピーマンの肉詰めは最高です84緑false
きゅうり塩漬けして食べると味が染みわたります68緑false
ブロッコリー野菜の王様です268緑false
パプリカこれだけあればあとはいらない158黄false
トマト真っ赤で美味しい野菜です110赤false
ピーマン苦いけどピーマンの肉詰めは最高です84緑false
きゅうり塩漬けして食べると味が染みわたります68緑false
ブロッコリー野菜の王様です268緑false
パプリカこれだけあればあとはいらない158黄false
トマト真っ赤で美味しい野菜です110赤false
ピーマン苦いけどピーマンの肉詰めは最高です84緑false
きゅうり塩漬けして食べると味が染みわたります68緑false
ブロッコリー野菜の王様です268緑false
パプリカこれだけあればあとはいらない158黄false
トマト真っ赤で美味しい野菜です110赤false
ピーマン苦いけどピーマンの肉詰めは最高です84緑false
きゅうり塩漬けして食べると味が染みわたります68緑false
ブロッコリー野菜の王様です268緑false
パプリカこれだけあればあとはいらない158黄false
トマト真っ赤で美味しい野菜です110赤false
ピーマン苦いけどピーマンの肉詰めは最高です84緑false
きゅうり塩漬けして食べると味が染みわたります68緑false
ブロッコリー野菜の王様です268緑false
パプリカこれだけあればあとはいらない158黄false
トマト真っ赤で美味しい野菜です110赤false
ピーマン苦いけどピーマンの肉詰めは最高です84緑false
きゅうり塩漬けして食べると味が染みわたります68緑false
ブロッコリー野菜の王様です268緑false
パプリカこれだけあればあとはいらない158黄false
トマト真っ赤で美味しい野菜です110赤false
ピーマン苦いけどピーマンの肉詰めは最高です84緑false
きゅうり塩漬けして食べると味が染みわたります68緑false
ブロッコリー野菜の王様です268緑false
パプリカこれだけあればあとはいらない158黄false
トマト真っ赤で美味しい野菜です110赤false
ピーマン苦いけどピーマンの肉詰めは最高です84緑false
きゅうり塩漬けして食べると味が染みわたります68緑false
ブロッコリー野菜の王様です268緑false
パプリカこれだけあればあとはいらない158黄false
トマト真っ赤で美味しい野菜です110赤false
ピーマン苦いけどピーマンの肉詰めは最高です84緑false
きゅうり塩漬けして食べると味が染みわたります68緑false
ブロッコリー野菜の王様です268緑false
パプリカこれだけあればあとはいらない158黄false
トマト真っ赤で美味しい野菜です110赤false
ピーマン苦いけどピーマンの肉詰めは最高です84緑false
きゅうり塩漬けして食べると味が染みわたります68緑false
ブロッコリー野菜の王様です268緑false
パプリカこれだけあればあとはいらない158黄false
トマト真っ赤で美味しい野菜です110赤false
ピーマン苦いけどピーマンの肉詰めは最高です84緑false
きゅうり塩漬けして食べると味が染みわたります68緑false
ブロッコリー野菜の王様です268緑false
パプリカこれだけあればあとはいらない158黄false
トマト真っ赤で美味しい野菜です110赤false
ピーマン苦いけどピーマンの肉詰めは最高です84緑false
きゅうり塩漬けして食べると味が染みわたります68緑false
ブロッコリー野菜の王様です268緑false
パプリカこれだけあればあとはいらない158黄false
トマト真っ赤で美味しい野菜です110赤false
ピーマン苦いけどピーマンの肉詰めは最高です84緑false
きゅうり塩漬けして食べると味が染みわたります68緑false
ブロッコリー野菜の王様です268緑false
パプリカこれだけあればあとはいらない158黄false
トマト真っ赤で美味しい野菜です110赤false
ピーマン苦いけどピーマンの肉詰めは最高です84緑false
きゅうり塩漬けして食べると味が染みわたります68緑false
ブロッコリー野菜の王様です268緑false
パプリカこれだけあればあとはいらない158黄false
